file_id,genre,original_file_name,shortened_file_name,original_duration_sec,shortened_duration_sec,original_sample_rate_hz,shortened_sample_rate_hz,original_bit_depth,shortened_bit_depth,original_channels,shortened_channels
ACTCV_01,blues,blues.00001.wav,blues.00001.wav,30.0133,2.106,22050,22050,16,16,1 (mono),1 (mono)
ACTCV_02,blues,blues.00002.wav,blues.00002.wav,30.0133,2.585,22050,22050,16,16,1 (mono),1 (mono)
ACTCV_03,blues,blues.00003.wav,blues.00003.wav,30.0133,2.155,22050,22050,16,16,1 (mono),1 (mono)
ACTCV_04,blues,blues.00004.wav,blues.00004.wav,30.0133,2.428,22050,22050,16,16,1 (mono),1 (mono)
ACTCV_05,blues,blues.00005.wav,blues.00005.wav,30.0133,2.336,22050,22050,16,16,1 (mono),1 (mono)
ACTCV_06,blues,blues.00006.wav,blues.00006.wav,30.0133,2.102,22050,22050,16,16,1 (mono),1 (mono)
ACTCV_07,blues,blues.00007.wav,blues.00007.wav,30.0133,2.157,22050,22050,16,16,1 (mono),1 (mono)
ACTCV_08,blues,blues.00008.wav,blues.00008.wav,30.0133,2.843,22050,22050,16,16,1 (mono),1 (mono)
ACTCV_09,blues,blues.00009.wav,blues.00009.wav,30.0133,2.612,22050,22050,16,16,1 (mono),1 (mono)
ACTCV_10,blues,blues.00010.wav,blues.00010.wav,30.0133,2.424,22050,22050,16,16,1 (mono),1 (mono)
ACTCV_11,blues,blues.00011.wav,blues.00011.wav,30.0133,2.981,22050,22050,16,16,1 (mono),1 (mono)
ACTCV_12,blues,blues.00012.wav,blues.00012.wav,30.0133,2.795,22050,22050,16,16,1 (mono),1 (mono)
ACTCV_13,blues,blues.00013.wav,blues.00013.wav,30.0133,2.486,22050,22050,16,16,1 (mono),1 (mono)
ACTCV_14,blues,blues.00014.wav,blues.00014.wav,30.0133,2.819,22050,22050,16,16,1 (mono),1 (mono)
ACTCV_15,blues,blues.00015.wav,blues.00015.wav,30.0133,2.08,22050,22050,16,16,1 (mono),1 (mono)
ACTCV_16,blues,blues.00016.wav,blues.00016.wav,30.0133,2.655,22050,22050,16,16,1 (mono),1 (mono)
ACTCV_17,blues,blues.00017.wav,blues.00017.wav,30.0133,2.314,22050,22050,16,16,1 (mono),1 (mono)
ACTCV_18,blues,blues.00018.wav,blues.00018.wav,30.0133,2.408,22050,22050,16,16,1 (mono),1 (mono)
ACTCV_19,blues,blues.00019.wav,blues.00019.wav,30.0133,2.171,22050,22050,16,16,1 (mono),1 (mono)
ACTCV_20,blues,blues.00020.wav,blues.00020.wav,30.0133,2.22,22050,22050,16,16,1 (mono),1 (mono)
ACTCV_21,blues,blues.00021.wav,blues.00021.wav,30.0133,2.865,22050,22050,16,16,1 (mono),1 (mono)
ACTCV_22,blues,blues.00022.wav,blues.00022.wav,30.0133,2.847,22050,22050,16,16,1 (mono),1 (mono)
ACTCV_23,blues,blues.00023.wav,blues.00023.wav,30.0133,2.093,22050,22050,16,16,1 (mono),1 (mono)
ACTCV_24,blues,blues.00024.wav,blues.00024.wav,30.0133,2.148,22050,22050,16,16,1 (mono),1 (mono)
ACTCV_25,blues,blues.00025.wav,blues.00025.wav,30.0133,2.473,22050,22050,16,16,1 (mono),1 (mono)
ACTCV_26,blues,blues.00026.wav,blues.00026.wav,30.0133,2.663,22050,22050,16,16,1 (mono),1 (mono)
ACTCV_27,blues,blues.00027.wav,blues.00027.wav,30.0133,2.136,22050,22050,16,16,1 (mono),1 (mono)
ACTCV_28,blues,blues.00028.wav,blues.00028.wav,30.0133,2.831,22050,22050,16,16,1 (mono),1 (mono)
ACTCV_29,blues,blues.00029.wav,blues.00029.wav,30.0133,2.424,22050,22050,16,16,1 (mono),1 (mono)
ACTCV_30,blues,blues.00030.wav,blues.00030.wav,30.0133,2.08,22050,22050,16,16,1 (mono),1 (mono)
ACTCV_31,blues,blues.00031.wav,blues.00031.wav,30.0133,2.265,22050,22050,16,16,1 (mono),1 (mono)
ACTCV_32,blues,blues.00032.wav,blues.00032.wav,30.0133,2.245,22050,22050,16,16,1 (mono),1 (mono)
ACTCV_33,blues,blues.00033.wav,blues.00033.wav,30.0133,2.489,22050,22050,16,16,1 (mono),1 (mono)
ACTCV_34,blues,blues.00034.wav,blues.00034.wav,30.0133,2.467,22050,22050,16,16,1 (mono),1 (mono)
ACTCV_35,blues,blues.00035.wav,blues.00035.wav,30.0133,2.229,22050,22050,16,16,1 (mono),1 (mono)
ACTCV_36,blues,blues.00036.wav,blues.00036.wav,30.0133,2.54,22050,22050,16,16,1 (mono),1 (mono)
ACTCV_37,blues,blues.00037.wav,blues.00037.wav,30.0133,2.99,22050,22050,16,16,1 (mono),1 (mono)
ACTCV_38,blues,blues.00038.wav,blues.00038.wav,30.0133,2.705,22050,22050,16,16,1 (mono),1 (mono)
ACTCV_39,blues,blues.00039.wav,blues.00039.wav,30.0133,2.379,22050,22050,16,16,1 (mono),1 (mono)
ACTCV_40,blues,blues.00040.wav,blues.00040.wav,30.0133,2.121,22050,22050,16,16,1 (mono),1 (mono)
ACTCV_41,blues,blues.00041.wav,blues.00041.wav,30.0133,2.811,22050,22050,16,16,1 (mono),1 (mono)
ACTCV_42,blues,blues.00042.wav,blues.00042.wav,30.0133,2.027,22050,22050,16,16,1 (mono),1 (mono)
ACTCV_43,blues,blues.00043.wav,blues.00043.wav,30.0133,2.265,22050,22050,16,16,1 (mono),1 (mono)
ACTCV_44,blues,blues.00044.wav,blues.00044.wav,30.0133,2.438,22050,22050,16,16,1 (mono),1 (mono)
ACTCV_45,blues,blues.00045.wav,blues.00045.wav,30.0133,2.402,22050,22050,16,16,1 (mono),1 (mono)
ACTCV_46,blues,blues.00046.wav,blues.00046.wav,30.0133,2.222,22050,22050,16,16,1 (mono),1 (mono)
ACTCV_47,blues,blues.00047.wav,blues.00047.wav,30.0133,2.212,22050,22050,16,16,1 (mono),1 (mono)
ACTCV_48,blues,blues.00048.wav,blues.00048.wav,30.0133,2.168,22050,22050,16,16,1 (mono),1 (mono)
ACTCV_49,blues,blues.00049.wav,blues.00049.wav,30.0133,2.211,22050,22050,16,16,1 (mono),1 (mono)
ACTCV_50,blues,blues.00050.wav,blues.00050.wav,30.0133,2.268,22050,22050,16,16,1 (mono),1 (mono)
ACTCV_51,disco,disco.00001.wav,disco.00001.wav,30.2113,2.94,22050,22050,16,16,1 (mono),1 (mono)
ACTCV_52,disco,disco.00002.wav,disco.00002.wav,30.0133,2.112,22050,22050,16,16,1 (mono),1 (mono)
ACTCV_53,disco,disco.00003.wav,disco.00003.wav,30.3011,2.564,22050,22050,16,16,1 (mono),1 (mono)
ACTCV_54,disco,disco.00004.wav,disco.00004.wav,30.0133,2.891,22050,22050,16,16,1 (mono),1 (mono)
ACTCV_55,disco,disco.00005.wav,disco.00005.wav,30.2912,2.656,22050,22050,16,16,1 (mono),1 (mono)
ACTCV_56,disco,disco.00006.wav,disco.00006.wav,30.008,2.65,22050,22050,16,16,1 (mono),1 (mono)
ACTCV_57,disco,disco.00007.wav,disco.00007.wav,30.0133,2.235,22050,22050,16,16,1 (mono),1 (mono)
ACTCV_58,disco,disco.00008.wav,disco.00008.wav,30.1615,2.127,22050,22050,16,16,1 (mono),1 (mono)
ACTCV_59,disco,disco.00009.wav,disco.00009.wav,30.0133,2.315,22050,22050,16,16,1 (mono),1 (mono)
ACTCV_60,disco,disco.00010.wav,disco.00010.wav,30.0118,2.422,22050,22050,16,16,1 (mono),1 (mono)
ACTCV_61,disco,disco.00011.wav,disco.00011.wav,30.0133,2.999,22050,22050,16,16,1 (mono),1 (mono)
ACTCV_62,disco,disco.00012.wav,disco.00012.wav,30.0916,2.091,22050,22050,16,16,1 (mono),1 (mono)
ACTCV_63,disco,disco.00013.wav,disco.00013.wav,30.0133,2.108,22050,22050,16,16,1 (mono),1 (mono)
ACTCV_64,disco,disco.00014.wav,disco.00014.wav,29.9929,2.831,22050,22050,16,16,1 (mono),1 (mono)
ACTCV_65,disco,disco.00015.wav,disco.00015.wav,30.0133,2.881,22050,22050,16,16,1 (mono),1 (mono)
ACTCV_66,disco,disco.00016.wav,disco.00016.wav,30.2912,2.718,22050,22050,16,16,1 (mono),1 (mono)
ACTCV_67,disco,disco.00017.wav,disco.00017.wav,30.0133,2.539,22050,22050,16,16,1 (mono),1 (mono)
ACTCV_68,disco,disco.00018.wav,disco.00018.wav,30.0133,2.001,22050,22050,16,16,1 (mono),1 (mono)
ACTCV_69,disco,disco.00019.wav,disco.00019.wav,30.0133,2.312,22050,22050,16,16,1 (mono),1 (mono)
ACTCV_70,disco,disco.00020.wav,disco.00020.wav,30.0133,2.792,22050,22050,16,16,1 (mono),1 (mono)
ACTCV_71,disco,disco.00021.wav,disco.00021.wav,30.0133,2.691,22050,22050,16,16,1 (mono),1 (mono)
ACTCV_72,disco,disco.00022.wav,disco.00022.wav,30.0133,2.913,22050,22050,16,16,1 (mono),1 (mono)
ACTCV_73,disco,disco.00023.wav,disco.00023.wav,30.0133,2.969,22050,22050,16,16,1 (mono),1 (mono)
ACTCV_74,disco,disco.00024.wav,disco.00024.wav,30.0133,2.25,22050,22050,16,16,1 (mono),1 (mono)
ACTCV_75,disco,disco.00025.wav,disco.00025.wav,30.0133,2.55,22050,22050,16,16,1 (mono),1 (mono)
ACTCV_76,disco,disco.00026.wav,disco.00026.wav,30.0133,2.673,22050,22050,16,16,1 (mono),1 (mono)
ACTCV_77,disco,disco.00027.wav,disco.00027.wav,30.0133,2.85,22050,22050,16,16,1 (mono),1 (mono)
ACTCV_78,disco,disco.00028.wav,disco.00028.wav,30.0133,2.414,22050,22050,16,16,1 (mono),1 (mono)
ACTCV_79,disco,disco.00029.wav,disco.00029.wav,30.0133,2.741,22050,22050,16,16,1 (mono),1 (mono)
ACTCV_80,disco,disco.00030.wav,disco.00030.wav,30.0133,2.394,22050,22050,16,16,1 (mono),1 (mono)
ACTCV_81,disco,disco.00031.wav,disco.00031.wav,30.0133,2.436,22050,22050,16,16,1 (mono),1 (mono)
ACTCV_82,disco,disco.00032.wav,disco.00032.wav,30.0133,2.878,22050,22050,16,16,1 (mono),1 (mono)
ACTCV_83,disco,disco.00033.wav,disco.00033.wav,30.0133,2.546,22050,22050,16,16,1 (mono),1 (mono)
ACTCV_84,disco,disco.00034.wav,disco.00034.wav,30.0133,2.752,22050,22050,16,16,1 (mono),1 (mono)
ACTCV_85,disco,disco.00035.wav,disco.00035.wav,30.0133,2.176,22050,22050,16,16,1 (mono),1 (mono)
ACTCV_86,disco,disco.00036.wav,disco.00036.wav,30.0133,2.783,22050,22050,16,16,1 (mono),1 (mono)
ACTCV_87,disco,disco.00037.wav,disco.00037.wav,30.0133,2.419,22050,22050,16,16,1 (mono),1 (mono)
ACTCV_88,disco,disco.00038.wav,disco.00038.wav,30.0133,2.37,22050,22050,16,16,1 (mono),1 (mono)
ACTCV_89,disco,disco.00039.wav,disco.00039.wav,30.0133,2.818,22050,22050,16,16,1 (mono),1 (mono)
ACTCV_90,disco,disco.00040.wav,disco.00040.wav,30.0133,2.436,22050,22050,16,16,1 (mono),1 (mono)
ACTCV_91,disco,disco.00041.wav,disco.00041.wav,30.0133,2.899,22050,22050,16,16,1 (mono),1 (mono)
ACTCV_92,disco,disco.00042.wav,disco.00042.wav,30.0133,2.494,22050,22050,16,16,1 (mono),1 (mono)
ACTCV_93,disco,disco.00043.wav,disco.00043.wav,30.0133,2.27,22050,22050,16,16,1 (mono),1 (mono)
ACTCV_94,disco,disco.00044.wav,disco.00044.wav,30.0133,2.742,22050,22050,16,16,1 (mono),1 (mono)
ACTCV_95,disco,disco.00045.wav,disco.00045.wav,30.0133,2.423,22050,22050,16,16,1 (mono),1 (mono)
ACTCV_96,disco,disco.00046.wav,disco.00046.wav,30.0002,2.404,22050,22050,16,16,1 (mono),1 (mono)
ACTCV_97,disco,disco.00047.wav,disco.00047.wav,30.0002,2.518,22050,22050,16,16,1 (mono),1 (mono)
ACTCV_98,disco,disco.00048.wav,disco.00048.wav,30.0002,2.853,22050,22050,16,16,1 (mono),1 (mono)
ACTCV_99,disco,disco.00049.wav,disco.00049.wav,30.0002,2.65,22050,22050,16,16,1 (mono),1 (mono)
ACTCV_100,disco,disco.00050.wav,disco.00050.wav,30.0002,2.849,22050,22050,16,16,1 (mono),1 (mono)
ACTCV_101,hiphop,hiphop.00001.wav,hiphop.00001.wav,30.0002,2.967,22050,22050,16,16,1 (mono),1 (mono)
ACTCV_102,hiphop,hiphop.00002.wav,hiphop.00002.wav,30.0002,2.809,22050,22050,16,16,1 (mono),1 (mono)
ACTCV_103,hiphop,hiphop.00003.wav,hiphop.00003.wav,30.0002,2.78,22050,22050,16,16,1 (mono),1 (mono)
ACTCV_104,hiphop,hiphop.00004.wav,hiphop.00004.wav,30.0002,2.23,22050,22050,16,16,1 (mono),1 (mono)
ACTCV_105,hiphop,hiphop.00005.wav,hiphop.00005.wav,30.0002,2.636,22050,22050,16,16,1 (mono),1 (mono)
ACTCV_106,hiphop,hiphop.00006.wav,hiphop.00006.wav,30.0002,2.648,22050,22050,16,16,1 (mono),1 (mono)
ACTCV_107,hiphop,hiphop.00007.wav,hiphop.00007.wav,30.0002,2.247,22050,22050,16,16,1 (mono),1 (mono)
ACTCV_108,hiphop,hiphop.00008.wav,hiphop.00008.wav,30.0133,2.811,22050,22050,16,16,1 (mono),1 (mono)
ACTCV_109,hiphop,hiphop.00009.wav,hiphop.00009.wav,30.0133,2.501,22050,22050,16,16,1 (mono),1 (mono)
ACTCV_110,hiphop,hiphop.00010.wav,hiphop.00010.wav,30.0133,2.595,22050,22050,16,16,1 (mono),1 (mono)
ACTCV_111,hiphop,hiphop.00011.wav,hiphop.00011.wav,30.0133,2.719,22050,22050,16,16,1 (mono),1 (mono)
ACTCV_112,hiphop,hiphop.00012.wav,hiphop.00012.wav,30.0133,2.004,22050,22050,16,16,1 (mono),1 (mono)
ACTCV_113,hiphop,hiphop.00013.wav,hiphop.00013.wav,30.0133,2.668,22050,22050,16,16,1 (mono),1 (mono)
ACTCV_114,hiphop,hiphop.00014.wav,hiphop.00014.wav,30.0133,2.538,22050,22050,16,16,1 (mono),1 (mono)
ACTCV_115,hiphop,hiphop.00015.wav,hiphop.00015.wav,30.0133,2.379,22050,22050,16,16,1 (mono),1 (mono)
ACTCV_116,hiphop,hiphop.00016.wav,hiphop.00016.wav,30.0133,2.846,22050,22050,16,16,1 (mono),1 (mono)
ACTCV_117,hiphop,hiphop.00017.wav,hiphop.00017.wav,30.0133,2.736,22050,22050,16,16,1 (mono),1 (mono)
ACTCV_118,hiphop,hiphop.00018.wav,hiphop.00018.wav,30.0133,2.057,22050,22050,16,16,1 (mono),1 (mono)
ACTCV_119,hiphop,hiphop.00019.wav,hiphop.00019.wav,30.0133,2.25,22050,22050,16,16,1 (mono),1 (mono)
ACTCV_120,hiphop,hiphop.00020.wav,hiphop.00020.wav,30.0133,2.89,22050,22050,16,16,1 (mono),1 (mono)
ACTCV_121,hiphop,hiphop.00021.wav,hiphop.00021.wav,30.0133,2.655,22050,22050,16,16,1 (mono),1 (mono)
ACTCV_122,hiphop,hiphop.00022.wav,hiphop.00022.wav,30.0133,2.093,22050,22050,16,16,1 (mono),1 (mono)
ACTCV_123,hiphop,hiphop.00023.wav,hiphop.00023.wav,30.0133,2.024,22050,22050,16,16,1 (mono),1 (mono)
ACTCV_124,hiphop,hiphop.00024.wav,hiphop.00024.wav,30.0133,2.238,22050,22050,16,16,1 (mono),1 (mono)
ACTCV_125,hiphop,hiphop.00025.wav,hiphop.00025.wav,30.0133,2.835,22050,22050,16,16,1 (mono),1 (mono)
ACTCV_126,hiphop,hiphop.00026.wav,hiphop.00026.wav,30.371,2.075,22050,22050,16,16,1 (mono),1 (mono)
ACTCV_127,hiphop,hiphop.00027.wav,hiphop.00027.wav,30.1315,2.011,22050,22050,16,16,1 (mono),1 (mono)
ACTCV_128,hiphop,hiphop.00028.wav,hiphop.00028.wav,30.008,2.652,22050,22050,16,16,1 (mono),1 (mono)
ACTCV_129,hiphop,hiphop.00029.wav,hiphop.00029.wav,30.351,3,22050,22050,16,16,1 (mono),1 (mono)
ACTCV_130,hiphop,hiphop.00030.wav,hiphop.00030.wav,30.0118,2.829,22050,22050,16,16,1 (mono),1 (mono)
ACTCV_131,hiphop,hiphop.00031.wav,hiphop.00031.wav,29.9958,2.633,22050,22050,16,16,1 (mono),1 (mono)
ACTCV_132,hiphop,hiphop.00032.wav,hiphop.00032.wav,29.932,2.641,22050,22050,16,16,1 (mono),1 (mono)
ACTCV_133,hiphop,hiphop.00033.wav,hiphop.00033.wav,30.1714,2.802,22050,22050,16,16,1 (mono),1 (mono)
ACTCV_134,hiphop,hiphop.00034.wav,hiphop.00034.wav,30.2812,2.766,22050,22050,16,16,1 (mono),1 (mono)
ACTCV_135,hiphop,hiphop.00035.wav,hiphop.00035.wav,30.3011,2.221,22050,22050,16,16,1 (mono),1 (mono)
ACTCV_136,hiphop,hiphop.00036.wav,hiphop.00036.wav,30.6489,2.595,22050,22050,16,16,1 (mono),1 (mono)
ACTCV_137,hiphop,hiphop.00037.wav,hiphop.00037.wav,30.6489,2.073,22050,22050,16,16,1 (mono),1 (mono)
ACTCV_138,hiphop,hiphop.00038.wav,hiphop.00038.wav,30.6489,2.857,22050,22050,16,16,1 (mono),1 (mono)
ACTCV_139,hiphop,hiphop.00039.wav,hiphop.00039.wav,30.6489,2.701,22050,22050,16,16,1 (mono),1 (mono)
ACTCV_140,hiphop,hiphop.00040.wav,hiphop.00040.wav,30.6489,2.194,22050,22050,16,16,1 (mono),1 (mono)
ACTCV_141,hiphop,hiphop.00041.wav,hiphop.00041.wav,30.6489,2.43,22050,22050,16,16,1 (mono),1 (mono)
ACTCV_142,hiphop,hiphop.00042.wav,hiphop.00042.wav,30.6489,2.428,22050,22050,16,16,1 (mono),1 (mono)
ACTCV_143,hiphop,hiphop.00043.wav,hiphop.00043.wav,30.6489,2.02,22050,22050,16,16,1 (mono),1 (mono)
ACTCV_144,hiphop,hiphop.00044.wav,hiphop.00044.wav,30.6489,2.779,22050,22050,16,16,1 (mono),1 (mono)
ACTCV_145,hiphop,hiphop.00045.wav,hiphop.00045.wav,30.6489,2.085,22050,22050,16,16,1 (mono),1 (mono)
ACTCV_146,hiphop,hiphop.00046.wav,hiphop.00046.wav,30.0133,2.984,22050,22050,16,16,1 (mono),1 (mono)
ACTCV_147,hiphop,hiphop.00047.wav,hiphop.00047.wav,30.0133,2.595,22050,22050,16,16,1 (mono),1 (mono)
ACTCV_148,hiphop,hiphop.00048.wav,hiphop.00048.wav,30.0133,2.751,22050,22050,16,16,1 (mono),1 (mono)
ACTCV_149,hiphop,hiphop.00049.wav,hiphop.00049.wav,30.0133,2.796,22050,22050,16,16,1 (mono),1 (mono)
ACTCV_150,hiphop,hiphop.00050.wav,hiphop.00050.wav,30.0133,2.915,22050,22050,16,16,1 (mono),1 (mono)
ACTCV_151,jazz,jazz.00001.wav,jazz.00001.wav,30.0133,2.01,22050,22050,16,16,1 (mono),1 (mono)
ACTCV_152,jazz,jazz.00002.wav,jazz.00002.wav,30.0133,2.817,22050,22050,16,16,1 (mono),1 (mono)
ACTCV_153,jazz,jazz.00003.wav,jazz.00003.wav,30.0133,2.34,22050,22050,16,16,1 (mono),1 (mono)
ACTCV_154,jazz,jazz.00004.wav,jazz.00004.wav,30.0133,2.692,22050,22050,16,16,1 (mono),1 (mono)
ACTCV_155,jazz,jazz.00005.wav,jazz.00005.wav,30.0133,2.523,22050,22050,16,16,1 (mono),1 (mono)
ACTCV_156,jazz,jazz.00006.wav,jazz.00006.wav,30.0133,2.606,22050,22050,16,16,1 (mono),1 (mono)
ACTCV_157,jazz,jazz.00007.wav,jazz.00007.wav,30.0133,2.155,22050,22050,16,16,1 (mono),1 (mono)
ACTCV_158,jazz,jazz.00008.wav,jazz.00008.wav,30.0133,2.963,22050,22050,16,16,1 (mono),1 (mono)
ACTCV_159,jazz,jazz.00009.wav,jazz.00009.wav,30.0133,2.019,22050,22050,16,16,1 (mono),1 (mono)
ACTCV_160,jazz,jazz.00010.wav,jazz.00010.wav,30.0133,2.672,22050,22050,16,16,1 (mono),1 (mono)
ACTCV_161,jazz,jazz.00011.wav,jazz.00011.wav,30.0133,2.255,22050,22050,16,16,1 (mono),1 (mono)
ACTCV_162,jazz,jazz.00012.wav,jazz.00012.wav,30.0133,2.95,22050,22050,16,16,1 (mono),1 (mono)
ACTCV_163,jazz,jazz.00013.wav,jazz.00013.wav,30.0133,2,22050,22050,16,16,1 (mono),1 (mono)
ACTCV_164,jazz,jazz.00014.wav,jazz.00014.wav,30.0133,2.734,22050,22050,16,16,1 (mono),1 (mono)
ACTCV_165,jazz,jazz.00015.wav,jazz.00015.wav,30.0133,2.542,22050,22050,16,16,1 (mono),1 (mono)
ACTCV_166,jazz,jazz.00016.wav,jazz.00016.wav,30.0133,2.475,22050,22050,16,16,1 (mono),1 (mono)
ACTCV_167,jazz,jazz.00017.wav,jazz.00017.wav,30.0133,2.163,22050,22050,16,16,1 (mono),1 (mono)
ACTCV_168,jazz,jazz.00018.wav,jazz.00018.wav,30.0133,2.19,22050,22050,16,16,1 (mono),1 (mono)
ACTCV_169,jazz,jazz.00019.wav,jazz.00019.wav,30.0133,2.328,22050,22050,16,16,1 (mono),1 (mono)
ACTCV_170,jazz,jazz.00020.wav,jazz.00020.wav,30.0133,2.406,22050,22050,16,16,1 (mono),1 (mono)
ACTCV_171,jazz,jazz.00021.wav,jazz.00021.wav,30.0133,2.231,22050,22050,16,16,1 (mono),1 (mono)
ACTCV_172,jazz,jazz.00022.wav,jazz.00022.wav,30.0133,2.267,22050,22050,16,16,1 (mono),1 (mono)
ACTCV_173,jazz,jazz.00023.wav,jazz.00023.wav,30.0133,2.212,22050,22050,16,16,1 (mono),1 (mono)
ACTCV_174,jazz,jazz.00024.wav,jazz.00024.wav,30.0133,2.506,22050,22050,16,16,1 (mono),1 (mono)
ACTCV_175,jazz,jazz.00025.wav,jazz.00025.wav,30.0133,2.456,22050,22050,16,16,1 (mono),1 (mono)
ACTCV_176,jazz,jazz.00026.wav,jazz.00026.wav,30.0133,2.729,22050,22050,16,16,1 (mono),1 (mono)
ACTCV_177,jazz,jazz.00027.wav,jazz.00027.wav,30.0133,2.265,22050,22050,16,16,1 (mono),1 (mono)
ACTCV_178,jazz,jazz.00028.wav,jazz.00028.wav,30.0133,2.401,22050,22050,16,16,1 (mono),1 (mono)
ACTCV_179,jazz,jazz.00029.wav,jazz.00029.wav,30.0133,2.239,22050,22050,16,16,1 (mono),1 (mono)
ACTCV_180,jazz,jazz.00030.wav,jazz.00030.wav,30.0133,2.332,22050,22050,16,16,1 (mono),1 (mono)
ACTCV_181,jazz,jazz.00031.wav,jazz.00031.wav,30.0133,2.46,22050,22050,16,16,1 (mono),1 (mono)
ACTCV_182,jazz,jazz.00032.wav,jazz.00032.wav,30.0133,2.86,22050,22050,16,16,1 (mono),1 (mono)
ACTCV_183,jazz,jazz.00033.wav,jazz.00033.wav,30.0133,2.957,22050,22050,16,16,1 (mono),1 (mono)
ACTCV_184,jazz,jazz.00034.wav,jazz.00034.wav,30.0133,2.364,22050,22050,16,16,1 (mono),1 (mono)
ACTCV_185,jazz,jazz.00035.wav,jazz.00035.wav,30.0133,2.872,22050,22050,16,16,1 (mono),1 (mono)
ACTCV_186,jazz,jazz.00036.wav,jazz.00036.wav,30.0133,2.38,22050,22050,16,16,1 (mono),1 (mono)
ACTCV_187,jazz,jazz.00037.wav,jazz.00037.wav,30.0133,2.454,22050,22050,16,16,1 (mono),1 (mono)
ACTCV_188,jazz,jazz.00038.wav,jazz.00038.wav,30.0133,2.416,22050,22050,16,16,1 (mono),1 (mono)
ACTCV_189,jazz,jazz.00039.wav,jazz.00039.wav,30.0133,2.399,22050,22050,16,16,1 (mono),1 (mono)
ACTCV_190,jazz,jazz.00040.wav,jazz.00040.wav,30.0133,2.316,22050,22050,16,16,1 (mono),1 (mono)
ACTCV_191,jazz,jazz.00041.wav,jazz.00041.wav,30.0133,2.636,22050,22050,16,16,1 (mono),1 (mono)
ACTCV_192,jazz,jazz.00042.wav,jazz.00042.wav,30.0133,2.748,22050,22050,16,16,1 (mono),1 (mono)
ACTCV_193,jazz,jazz.00043.wav,jazz.00043.wav,30.0133,2.086,22050,22050,16,16,1 (mono),1 (mono)
ACTCV_194,jazz,jazz.00044.wav,jazz.00044.wav,30.0133,2.637,22050,22050,16,16,1 (mono),1 (mono)
ACTCV_195,jazz,jazz.00045.wav,jazz.00045.wav,30.0133,2.939,22050,22050,16,16,1 (mono),1 (mono)
ACTCV_196,jazz,jazz.00046.wav,jazz.00046.wav,30.0133,2.998,22050,22050,16,16,1 (mono),1 (mono)
ACTCV_197,jazz,jazz.00047.wav,jazz.00047.wav,30.0133,2.561,22050,22050,16,16,1 (mono),1 (mono)
ACTCV_198,jazz,jazz.00048.wav,jazz.00048.wav,30.0133,2.338,22050,22050,16,16,1 (mono),1 (mono)
ACTCV_199,jazz,jazz.00049.wav,jazz.00049.wav,30.008,2.465,22050,22050,16,16,1 (mono),1 (mono)
ACTCV_200,jazz,jazz.00050.wav,jazz.00050.wav,30.351,2.455,22050,22050,16,16,1 (mono),1 (mono)
ACTCV_201,metal,metal.00001.wav,metal.00001.wav,30.0002,2.379,22050,22050,16,16,1 (mono),1 (mono)
ACTCV_202,metal,metal.00002.wav,metal.00002.wav,30.0002,2.763,22050,22050,16,16,1 (mono),1 (mono)
ACTCV_203,metal,metal.00003.wav,metal.00003.wav,30.0002,2.715,22050,22050,16,16,1 (mono),1 (mono)
ACTCV_204,metal,metal.00004.wav,metal.00004.wav,30.0002,2.267,22050,22050,16,16,1 (mono),1 (mono)
ACTCV_205,metal,metal.00005.wav,metal.00005.wav,30.0002,2.473,22050,22050,16,16,1 (mono),1 (mono)
ACTCV_206,metal,metal.00006.wav,metal.00006.wav,30.0002,2.557,22050,22050,16,16,1 (mono),1 (mono)
ACTCV_207,metal,metal.00007.wav,metal.00007.wav,30.0002,2.958,22050,22050,16,16,1 (mono),1 (mono)
ACTCV_208,metal,metal.00008.wav,metal.00008.wav,30.0002,2.064,22050,22050,16,16,1 (mono),1 (mono)
ACTCV_209,metal,metal.00009.wav,metal.00009.wav,30.0002,2.957,22050,22050,16,16,1 (mono),1 (mono)
ACTCV_210,metal,metal.00010.wav,metal.00010.wav,30.0002,2.34,22050,22050,16,16,1 (mono),1 (mono)
ACTCV_211,metal,metal.00011.wav,metal.00011.wav,30.0002,2.85,22050,22050,16,16,1 (mono),1 (mono)
ACTCV_212,metal,metal.00012.wav,metal.00012.wav,30.0002,2.876,22050,22050,16,16,1 (mono),1 (mono)
ACTCV_213,metal,metal.00013.wav,metal.00013.wav,30.0002,2.298,22050,22050,16,16,1 (mono),1 (mono)
ACTCV_214,metal,metal.00014.wav,metal.00014.wav,30.0002,2.05,22050,22050,16,16,1 (mono),1 (mono)
ACTCV_215,metal,metal.00015.wav,metal.00015.wav,30.0002,2.556,22050,22050,16,16,1 (mono),1 (mono)
ACTCV_216,metal,metal.00016.wav,metal.00016.wav,30.0002,2.403,22050,22050,16,16,1 (mono),1 (mono)
ACTCV_217,metal,metal.00017.wav,metal.00017.wav,30.0002,2.936,22050,22050,16,16,1 (mono),1 (mono)
ACTCV_218,metal,metal.00018.wav,metal.00018.wav,30.0002,2.85,22050,22050,16,16,1 (mono),1 (mono)
ACTCV_219,metal,metal.00019.wav,metal.00019.wav,30.0002,2.121,22050,22050,16,16,1 (mono),1 (mono)
ACTCV_220,metal,metal.00020.wav,metal.00020.wav,30.0002,2.199,22050,22050,16,16,1 (mono),1 (mono)
ACTCV_221,metal,metal.00021.wav,metal.00021.wav,30.0002,2.069,22050,22050,16,16,1 (mono),1 (mono)
ACTCV_222,metal,metal.00022.wav,metal.00022.wav,30.0002,2.995,22050,22050,16,16,1 (mono),1 (mono)
ACTCV_223,metal,metal.00023.wav,metal.00023.wav,30.0002,2.834,22050,22050,16,16,1 (mono),1 (mono)
ACTCV_224,metal,metal.00024.wav,metal.00024.wav,30.0002,2.97,22050,22050,16,16,1 (mono),1 (mono)
ACTCV_225,metal,metal.00025.wav,metal.00025.wav,30.0002,2.876,22050,22050,16,16,1 (mono),1 (mono)
ACTCV_226,metal,metal.00026.wav,metal.00026.wav,30.0002,2.503,22050,22050,16,16,1 (mono),1 (mono)
ACTCV_227,metal,metal.00027.wav,metal.00027.wav,30.0002,2.37,22050,22050,16,16,1 (mono),1 (mono)
ACTCV_228,metal,metal.00028.wav,metal.00028.wav,30.0002,2.761,22050,22050,16,16,1 (mono),1 (mono)
ACTCV_229,metal,metal.00029.wav,metal.00029.wav,30.0002,2.025,22050,22050,16,16,1 (mono),1 (mono)
ACTCV_230,metal,metal.00030.wav,metal.00030.wav,30.0002,2.201,22050,22050,16,16,1 (mono),1 (mono)
ACTCV_231,metal,metal.00031.wav,metal.00031.wav,30.0002,2.806,22050,22050,16,16,1 (mono),1 (mono)
ACTCV_232,metal,metal.00032.wav,metal.00032.wav,30.0002,2.882,22050,22050,16,16,1 (mono),1 (mono)
ACTCV_233,metal,metal.00033.wav,metal.00033.wav,30.0002,2.019,22050,22050,16,16,1 (mono),1 (mono)
ACTCV_234,metal,metal.00034.wav,metal.00034.wav,30.0002,2.851,22050,22050,16,16,1 (mono),1 (mono)
ACTCV_235,metal,metal.00035.wav,metal.00035.wav,30.0002,2.229,22050,22050,16,16,1 (mono),1 (mono)
ACTCV_236,metal,metal.00036.wav,metal.00036.wav,30.0002,2.086,22050,22050,16,16,1 (mono),1 (mono)
ACTCV_237,metal,metal.00037.wav,metal.00037.wav,30.0002,2.706,22050,22050,16,16,1 (mono),1 (mono)
ACTCV_238,metal,metal.00038.wav,metal.00038.wav,30.0002,2.101,22050,22050,16,16,1 (mono),1 (mono)
ACTCV_239,metal,metal.00039.wav,metal.00039.wav,30.0002,2.309,22050,22050,16,16,1 (mono),1 (mono)
ACTCV_240,metal,metal.00040.wav,metal.00040.wav,30.0133,2.204,22050,22050,16,16,1 (mono),1 (mono)
ACTCV_241,metal,metal.00041.wav,metal.00041.wav,30.0133,2.489,22050,22050,16,16,1 (mono),1 (mono)
ACTCV_242,metal,metal.00042.wav,metal.00042.wav,30.0133,2.807,22050,22050,16,16,1 (mono),1 (mono)
ACTCV_243,metal,metal.00043.wav,metal.00043.wav,30.0133,2.634,22050,22050,16,16,1 (mono),1 (mono)
ACTCV_244,metal,metal.00044.wav,metal.00044.wav,30.0133,2.214,22050,22050,16,16,1 (mono),1 (mono)
ACTCV_245,metal,metal.00045.wav,metal.00045.wav,30.0133,2.699,22050,22050,16,16,1 (mono),1 (mono)
ACTCV_246,metal,metal.00046.wav,metal.00046.wav,30.0133,2.609,22050,22050,16,16,1 (mono),1 (mono)
ACTCV_247,metal,metal.00047.wav,metal.00047.wav,30.0133,2.584,22050,22050,16,16,1 (mono),1 (mono)
ACTCV_248,metal,metal.00048.wav,metal.00048.wav,30.0133,2.42,22050,22050,16,16,1 (mono),1 (mono)
ACTCV_249,metal,metal.00049.wav,metal.00049.wav,30.0133,2.272,22050,22050,16,16,1 (mono),1 (mono)
ACTCV_250,metal,metal.00050.wav,metal.00050.wav,30.0133,2.639,22050,22050,16,16,1 (mono),1 (mono)
ACTCV_251,reggae,reggae.00001.wav,reggae.00001.wav,30.0133,2.879,22050,22050,16,16,1 (mono),1 (mono)
ACTCV_252,reggae,reggae.00002.wav,reggae.00002.wav,30.0133,2.969,22050,22050,16,16,1 (mono),1 (mono)
ACTCV_253,reggae,reggae.00003.wav,reggae.00003.wav,30.0133,2.862,22050,22050,16,16,1 (mono),1 (mono)
ACTCV_254,reggae,reggae.00004.wav,reggae.00004.wav,30.0133,2.796,22050,22050,16,16,1 (mono),1 (mono)
ACTCV_255,reggae,reggae.00005.wav,reggae.00005.wav,30.0133,2.249,22050,22050,16,16,1 (mono),1 (mono)
ACTCV_256,reggae,reggae.00006.wav,reggae.00006.wav,30.0133,2.252,22050,22050,16,16,1 (mono),1 (mono)
ACTCV_257,reggae,reggae.00007.wav,reggae.00007.wav,30.0133,2.422,22050,22050,16,16,1 (mono),1 (mono)
ACTCV_258,reggae,reggae.00008.wav,reggae.00008.wav,30.0133,2.275,22050,22050,16,16,1 (mono),1 (mono)
ACTCV_259,reggae,reggae.00009.wav,reggae.00009.wav,30.0133,2.126,22050,22050,16,16,1 (mono),1 (mono)
ACTCV_260,reggae,reggae.00010.wav,reggae.00010.wav,30.0133,2.443,22050,22050,16,16,1 (mono),1 (mono)
ACTCV_261,reggae,reggae.00011.wav,reggae.00011.wav,30.0133,2.491,22050,22050,16,16,1 (mono),1 (mono)
ACTCV_262,reggae,reggae.00012.wav,reggae.00012.wav,30.0133,2.265,22050,22050,16,16,1 (mono),1 (mono)
ACTCV_263,reggae,reggae.00013.wav,reggae.00013.wav,30.0133,2.228,22050,22050,16,16,1 (mono),1 (mono)
ACTCV_264,reggae,reggae.00014.wav,reggae.00014.wav,30.0133,2.996,22050,22050,16,16,1 (mono),1 (mono)
ACTCV_265,reggae,reggae.00015.wav,reggae.00015.wav,30.0133,2.107,22050,22050,16,16,1 (mono),1 (mono)
ACTCV_266,reggae,reggae.00016.wav,reggae.00016.wav,30.0133,2.654,22050,22050,16,16,1 (mono),1 (mono)
ACTCV_267,reggae,reggae.00017.wav,reggae.00017.wav,30.0133,2.998,22050,22050,16,16,1 (mono),1 (mono)
ACTCV_268,reggae,reggae.00018.wav,reggae.00018.wav,30.0133,2.107,22050,22050,16,16,1 (mono),1 (mono)
ACTCV_269,reggae,reggae.00019.wav,reggae.00019.wav,30.0133,2.707,22050,22050,16,16,1 (mono),1 (mono)
ACTCV_270,reggae,reggae.00020.wav,reggae.00020.wav,30.0133,2.11,22050,22050,16,16,1 (mono),1 (mono)
ACTCV_271,reggae,reggae.00021.wav,reggae.00021.wav,30.0133,2.419,22050,22050,16,16,1 (mono),1 (mono)
ACTCV_272,reggae,reggae.00022.wav,reggae.00022.wav,30.0133,2.538,22050,22050,16,16,1 (mono),1 (mono)
ACTCV_273,reggae,reggae.00023.wav,reggae.00023.wav,30.0133,2.071,22050,22050,16,16,1 (mono),1 (mono)
ACTCV_274,reggae,reggae.00024.wav,reggae.00024.wav,30.0133,2.301,22050,22050,16,16,1 (mono),1 (mono)
ACTCV_275,reggae,reggae.00025.wav,reggae.00025.wav,30.0133,2.787,22050,22050,16,16,1 (mono),1 (mono)
ACTCV_276,reggae,reggae.00026.wav,reggae.00026.wav,30.0133,2.536,22050,22050,16,16,1 (mono),1 (mono)
ACTCV_277,reggae,reggae.00027.wav,reggae.00027.wav,30.0133,2.272,22050,22050,16,16,1 (mono),1 (mono)
ACTCV_278,reggae,reggae.00028.wav,reggae.00028.wav,30.0133,2.442,22050,22050,16,16,1 (mono),1 (mono)
ACTCV_279,reggae,reggae.00029.wav,reggae.00029.wav,30.0133,2.108,22050,22050,16,16,1 (mono),1 (mono)
ACTCV_280,reggae,reggae.00030.wav,reggae.00030.wav,30.0133,2.475,22050,22050,16,16,1 (mono),1 (mono)
ACTCV_281,reggae,reggae.00031.wav,reggae.00031.wav,30.0133,2.308,22050,22050,16,16,1 (mono),1 (mono)
ACTCV_282,reggae,reggae.00032.wav,reggae.00032.wav,30.0133,2.897,22050,22050,16,16,1 (mono),1 (mono)
ACTCV_283,reggae,reggae.00033.wav,reggae.00033.wav,30.0133,2.904,22050,22050,16,16,1 (mono),1 (mono)
ACTCV_284,reggae,reggae.00034.wav,reggae.00034.wav,30.0133,2.627,22050,22050,16,16,1 (mono),1 (mono)
ACTCV_285,reggae,reggae.00035.wav,reggae.00035.wav,30.0133,2.807,22050,22050,16,16,1 (mono),1 (mono)
ACTCV_286,reggae,reggae.00036.wav,reggae.00036.wav,30.0133,2.002,22050,22050,16,16,1 (mono),1 (mono)
ACTCV_287,reggae,reggae.00037.wav,reggae.00037.wav,30.0133,2.903,22050,22050,16,16,1 (mono),1 (mono)
ACTCV_288,reggae,reggae.00038.wav,reggae.00038.wav,30.0133,2.72,22050,22050,16,16,1 (mono),1 (mono)
ACTCV_289,reggae,reggae.00039.wav,reggae.00039.wav,30.0133,2.766,22050,22050,16,16,1 (mono),1 (mono)
ACTCV_290,reggae,reggae.00040.wav,reggae.00040.wav,30.0133,2.729,22050,22050,16,16,1 (mono),1 (mono)
ACTCV_291,reggae,reggae.00041.wav,reggae.00041.wav,30.0002,2.134,22050,22050,16,16,1 (mono),1 (mono)
ACTCV_292,reggae,reggae.00042.wav,reggae.00042.wav,30.0002,2.385,22050,22050,16,16,1 (mono),1 (mono)
ACTCV_293,reggae,reggae.00043.wav,reggae.00043.wav,30.0002,2.027,22050,22050,16,16,1 (mono),1 (mono)
ACTCV_294,reggae,reggae.00044.wav,reggae.00044.wav,30.0002,2.219,22050,22050,16,16,1 (mono),1 (mono)
ACTCV_295,reggae,reggae.00045.wav,reggae.00045.wav,30.0002,2.622,22050,22050,16,16,1 (mono),1 (mono)
ACTCV_296,reggae,reggae.00046.wav,reggae.00046.wav,30.0002,2.971,22050,22050,16,16,1 (mono),1 (mono)
ACTCV_297,reggae,reggae.00047.wav,reggae.00047.wav,30.0002,2.664,22050,22050,16,16,1 (mono),1 (mono)
ACTCV_298,reggae,reggae.00048.wav,reggae.00048.wav,30.0002,2.097,22050,22050,16,16,1 (mono),1 (mono)
ACTCV_299,reggae,reggae.00049.wav,reggae.00049.wav,30.0002,2.892,22050,22050,16,16,1 (mono),1 (mono)
ACTCV_300,reggae,reggae.00050.wav,reggae.00050.wav,30.0002,2.682,22050,22050,16,16,1 (mono),1 (mono)
ACTCV_301,classical,classical.00001.wav,classical.00001.wav,30.0133,2.995,22050,22050,16,16,1 (mono),1 (mono)
ACTCV_302,classical,classical.00002.wav,classical.00002.wav,30.0133,2.37,22050,22050,16,16,1 (mono),1 (mono)
ACTCV_303,classical,classical.00003.wav,classical.00003.wav,30.0133,2.936,22050,22050,16,16,1 (mono),1 (mono)
ACTCV_304,classical,classical.00004.wav,classical.00004.wav,30.0133,2.846,22050,22050,16,16,1 (mono),1 (mono)
ACTCV_305,classical,classical.00005.wav,classical.00005.wav,30.0133,2.316,22050,22050,16,16,1 (mono),1 (mono)
ACTCV_306,classical,classical.00006.wav,classical.00006.wav,30.0133,2.071,22050,22050,16,16,1 (mono),1 (mono)
ACTCV_307,classical,classical.00007.wav,classical.00007.wav,30.0133,2.093,22050,22050,16,16,1 (mono),1 (mono)
ACTCV_308,classical,classical.00008.wav,classical.00008.wav,30.0133,2.379,22050,22050,16,16,1 (mono),1 (mono)
ACTCV_309,classical,classical.00009.wav,classical.00009.wav,30.0133,2.073,22050,22050,16,16,1 (mono),1 (mono)
ACTCV_310,classical,classical.00010.wav,classical.00010.wav,30.0133,2.595,22050,22050,16,16,1 (mono),1 (mono)
ACTCV_311,classical,classical.00011.wav,classical.00011.wav,30.0133,2.424,22050,22050,16,16,1 (mono),1 (mono)
ACTCV_312,classical,classical.00012.wav,classical.00012.wav,30.0133,2.957,22050,22050,16,16,1 (mono),1 (mono)
ACTCV_313,classical,classical.00013.wav,classical.00013.wav,30.0133,2.265,22050,22050,16,16,1 (mono),1 (mono)
ACTCV_314,classical,classical.00014.wav,classical.00014.wav,30.0133,2.112,22050,22050,16,16,1 (mono),1 (mono)
ACTCV_315,classical,classical.00015.wav,classical.00015.wav,30.0133,2.763,22050,22050,16,16,1 (mono),1 (mono)
ACTCV_316,classical,classical.00016.wav,classical.00016.wav,30.0133,2.806,22050,22050,16,16,1 (mono),1 (mono)
ACTCV_317,classical,classical.00017.wav,classical.00017.wav,30.0133,2.338,22050,22050,16,16,1 (mono),1 (mono)
ACTCV_318,classical,classical.00018.wav,classical.00018.wav,30.0133,2.019,22050,22050,16,16,1 (mono),1 (mono)
ACTCV_319,classical,classical.00019.wav,classical.00019.wav,30.0133,2.849,22050,22050,16,16,1 (mono),1 (mono)
ACTCV_320,classical,classical.00020.wav,classical.00020.wav,30.0133,2.107,22050,22050,16,16,1 (mono),1 (mono)
ACTCV_321,classical,classical.00021.wav,classical.00021.wav,30.0133,2.163,22050,22050,16,16,1 (mono),1 (mono)
ACTCV_322,classical,classical.00022.wav,classical.00022.wav,30.0133,2.438,22050,22050,16,16,1 (mono),1 (mono)
ACTCV_323,classical,classical.00023.wav,classical.00023.wav,30.0133,2.876,22050,22050,16,16,1 (mono),1 (mono)
ACTCV_324,classical,classical.00024.wav,classical.00024.wav,30.0133,2.55,22050,22050,16,16,1 (mono),1 (mono)
ACTCV_325,classical,classical.00025.wav,classical.00025.wav,30.0133,2.171,22050,22050,16,16,1 (mono),1 (mono)
ACTCV_326,classical,classical.00026.wav,classical.00026.wav,30.0133,2.155,22050,22050,16,16,1 (mono),1 (mono)
ACTCV_327,classical,classical.00027.wav,classical.00027.wav,30.0133,2.718,22050,22050,16,16,1 (mono),1 (mono)
ACTCV_328,classical,classical.00028.wav,classical.00028.wav,30.0133,2.585,22050,22050,16,16,1 (mono),1 (mono)
ACTCV_329,classical,classical.00029.wav,classical.00029.wav,30.0133,2.475,22050,22050,16,16,1 (mono),1 (mono)
ACTCV_330,classical,classical.00030.wav,classical.00030.wav,30.0133,2.101,22050,22050,16,16,1 (mono),1 (mono)
ACTCV_331,classical,classical.00031.wav,classical.00031.wav,30.0133,2.308,22050,22050,16,16,1 (mono),1 (mono)
ACTCV_332,classical,classical.00032.wav,classical.00032.wav,30.0133,2.542,22050,22050,16,16,1 (mono),1 (mono)
ACTCV_333,classical,classical.00033.wav,classical.00033.wav,30.0133,2.834,22050,22050,16,16,1 (mono),1 (mono)
ACTCV_334,classical,classical.00034.wav,classical.00034.wav,30.0133,2.057,22050,22050,16,16,1 (mono),1 (mono)
ACTCV_335,classical,classical.00035.wav,classical.00035.wav,30.0133,2.201,22050,22050,16,16,1 (mono),1 (mono)
ACTCV_336,classical,classical.00036.wav,classical.00036.wav,30.0133,2.969,22050,22050,16,16,1 (mono),1 (mono)
ACTCV_337,classical,classical.00037.wav,classical.00037.wav,30.0133,2.612,22050,22050,16,16,1 (mono),1 (mono)
ACTCV_338,classical,classical.00038.wav,classical.00038.wav,30.0133,2.729,22050,22050,16,16,1 (mono),1 (mono)
ACTCV_339,classical,classical.00039.wav,classical.00039.wav,30.0133,2.847,22050,22050,16,16,1 (mono),1 (mono)
ACTCV_340,classical,classical.00040.wav,classical.00040.wav,30.0133,2.556,22050,22050,16,16,1 (mono),1 (mono)
ACTCV_341,classical,classical.00041.wav,classical.00041.wav,30.0133,2.265,22050,22050,16,16,1 (mono),1 (mono)
ACTCV_342,classical,classical.00042.wav,classical.00042.wav,30.371,2.214,22050,22050,16,16,1 (mono),1 (mono)
ACTCV_343,classical,classical.00043.wav,classical.00043.wav,30.008,2.073,22050,22050,16,16,1 (mono),1 (mono)
ACTCV_344,classical,classical.00044.wav,classical.00044.wav,30.0133,2.881,22050,22050,16,16,1 (mono),1 (mono)
ACTCV_345,classical,classical.00045.wav,classical.00045.wav,30.1714,2.422,22050,22050,16,16,1 (mono),1 (mono)
ACTCV_346,classical,classical.00046.wav,classical.00046.wav,30.0118,2.913,22050,22050,16,16,1 (mono),1 (mono)
ACTCV_347,classical,classical.00047.wav,classical.00047.wav,30.0133,2.489,22050,22050,16,16,1 (mono),1 (mono)
ACTCV_348,classical,classical.00048.wav,classical.00048.wav,30.0916,2.157,22050,22050,16,16,1 (mono),1 (mono)
ACTCV_349,classical,classical.00049.wav,classical.00049.wav,29.9958,2.779,22050,22050,16,16,1 (mono),1 (mono)
ACTCV_350,classical,classical.00050.wav,classical.00050.wav,30.0133,2.379,22050,22050,16,16,1 (mono),1 (mono)
ACTCV_351,country,country.00001.wav,country.00001.wav,30.0118,2.086,22050,22050,16,16,1 (mono),1 (mono)
ACTCV_352,country,country.00002.wav,country.00002.wav,30.371,2.443,22050,22050,16,16,1 (mono),1 (mono)
ACTCV_353,country,country.00003.wav,country.00003.wav,29.9958,2.998,22050,22050,16,16,1 (mono),1 (mono)
ACTCV_354,country,country.00004.wav,country.00004.wav,29.9958,2.239,22050,22050,16,16,1 (mono),1 (mono)
ACTCV_355,country,country.00005.wav,country.00005.wav,30.2413,2.315,22050,22050,16,16,1 (mono),1 (mono)
ACTCV_356,country,country.00006.wav,country.00006.wav,30.3311,2.503,22050,22050,16,16,1 (mono),1 (mono)
ACTCV_357,country,country.00007.wav,country.00007.wav,29.9819,2.523,22050,22050,16,16,1 (mono),1 (mono)
ACTCV_358,country,country.00008.wav,country.00008.wav,30.1016,2.862,22050,22050,16,16,1 (mono),1 (mono)
ACTCV_359,country,country.00009.wav,country.00009.wav,30.0816,2.634,22050,22050,16,16,1 (mono),1 (mono)
ACTCV_360,country,country.00010.wav,country.00010.wav,30.0133,2.89,22050,22050,16,16,1 (mono),1 (mono)
ACTCV_361,country,country.00011.wav,country.00011.wav,30.0133,2.648,22050,22050,16,16,1 (mono),1 (mono)
ACTCV_362,country,country.00012.wav,country.00012.wav,30.0133,2.455,22050,22050,16,16,1 (mono),1 (mono)
ACTCV_363,country,country.00013.wav,country.00013.wav,30.0133,2.639,22050,22050,16,16,1 (mono),1 (mono)
ACTCV_364,country,country.00014.wav,country.00014.wav,30.0133,2.148,22050,22050,16,16,1 (mono),1 (mono)
ACTCV_365,country,country.00015.wav,country.00015.wav,30.0133,2.636,22050,22050,16,16,1 (mono),1 (mono)
ACTCV_366,country,country.00016.wav,country.00016.wav,30.0133,2.403,22050,22050,16,16,1 (mono),1 (mono)
ACTCV_367,country,country.00017.wav,country.00017.wav,30.0133,2.454,22050,22050,16,16,1 (mono),1 (mono)
ACTCV_368,country,country.00018.wav,country.00018.wav,30.0133,2.654,22050,22050,16,16,1 (mono),1 (mono)
ACTCV_369,country,country.00019.wav,country.00019.wav,30.0133,2.11,22050,22050,16,16,1 (mono),1 (mono)
ACTCV_370,country,country.00020.wav,country.00020.wav,30.0133,2.736,22050,22050,16,16,1 (mono),1 (mono)
ACTCV_371,country,country.00021.wav,country.00021.wav,30.0133,2.971,22050,22050,16,16,1 (mono),1 (mono)
ACTCV_372,country,country.00022.wav,country.00022.wav,30.0133,2.65,22050,22050,16,16,1 (mono),1 (mono)
ACTCV_373,country,country.00023.wav,country.00023.wav,30.0133,2.075,22050,22050,16,16,1 (mono),1 (mono)
ACTCV_374,country,country.00024.wav,country.00024.wav,30.0133,2.655,22050,22050,16,16,1 (mono),1 (mono)
ACTCV_375,country,country.00025.wav,country.00025.wav,30.0133,2.876,22050,22050,16,16,1 (mono),1 (mono)
ACTCV_376,country,country.00026.wav,country.00026.wav,30.0133,2.766,22050,22050,16,16,1 (mono),1 (mono)
ACTCV_377,country,country.00027.wav,country.00027.wav,30.0133,2.25,22050,22050,16,16,1 (mono),1 (mono)
ACTCV_378,country,country.00028.wav,country.00028.wav,30.0133,2.996,22050,22050,16,16,1 (mono),1 (mono)
ACTCV_379,country,country.00029.wav,country.00029.wav,30.0133,2.011,22050,22050,16,16,1 (mono),1 (mono)
ACTCV_380,country,country.00030.wav,country.00030.wav,30.0133,2.097,22050,22050,16,16,1 (mono),1 (mono)
ACTCV_381,country,country.00031.wav,country.00031.wav,30.0133,2.843,22050,22050,16,16,1 (mono),1 (mono)
ACTCV_382,country,country.00032.wav,country.00032.wav,30.0133,2.501,22050,22050,16,16,1 (mono),1 (mono)
ACTCV_383,country,country.00033.wav,country.00033.wav,30.0133,2.423,22050,22050,16,16,1 (mono),1 (mono)
ACTCV_384,country,country.00034.wav,country.00034.wav,30.0133,2.23,22050,22050,16,16,1 (mono),1 (mono)
ACTCV_385,country,country.00035.wav,country.00035.wav,30.0133,2.091,22050,22050,16,16,1 (mono),1 (mono)
ACTCV_386,country,country.00036.wav,country.00036.wav,30.0133,2.267,22050,22050,16,16,1 (mono),1 (mono)
ACTCV_387,country,country.00037.wav,country.00037.wav,30.0133,2.399,22050,22050,16,16,1 (mono),1 (mono)
ACTCV_388,country,country.00038.wav,country.00038.wav,30.0133,2.999,22050,22050,16,16,1 (mono),1 (mono)
ACTCV_389,country,country.00039.wav,country.00039.wav,30.0133,2.229,22050,22050,16,16,1 (mono),1 (mono)
ACTCV_390,country,country.00040.wav,country.00040.wav,30.0133,2.817,22050,22050,16,16,1 (mono),1 (mono)
ACTCV_391,country,country.00041.wav,country.00041.wav,30.0133,2.204,22050,22050,16,16,1 (mono),1 (mono)
ACTCV_392,country,country.00042.wav,country.00042.wav,30.0133,2.428,22050,22050,16,16,1 (mono),1 (mono)
ACTCV_393,country,country.00043.wav,country.00043.wav,30.0133,2.915,22050,22050,16,16,1 (mono),1 (mono)
ACTCV_394,country,country.00044.wav,country.00044.wav,30.0133,2.807,22050,22050,16,16,1 (mono),1 (mono)
ACTCV_395,country,country.00045.wav,country.00045.wav,30.0133,2.001,22050,22050,16,16,1 (mono),1 (mono)
ACTCV_396,country,country.00046.wav,country.00046.wav,30.0133,2.637,22050,22050,16,16,1 (mono),1 (mono)
ACTCV_397,country,country.00047.wav,country.00047.wav,30.0133,2.064,22050,22050,16,16,1 (mono),1 (mono)
ACTCV_398,country,country.00048.wav,country.00048.wav,30.0133,2.298,22050,22050,16,16,1 (mono),1 (mono)
ACTCV_399,country,country.00049.wav,country.00049.wav,30.0133,2.829,22050,22050,16,16,1 (mono),1 (mono)
ACTCV_400,country,country.00050.wav,country.00050.wav,30.0133,2.792,22050,22050,16,16,1 (mono),1 (mono)
ACTCV_401,pop,pop.00001.wav,pop.00001.wav,30.0002,2.984,22050,22050,16,16,1 (mono),1 (mono)
ACTCV_402,pop,pop.00002.wav,pop.00002.wav,30.0002,2.272,22050,22050,16,16,1 (mono),1 (mono)
ACTCV_403,pop,pop.00003.wav,pop.00003.wav,30.0002,2.957,22050,22050,16,16,1 (mono),1 (mono)
ACTCV_404,pop,pop.00004.wav,pop.00004.wav,30.0002,2.741,22050,22050,16,16,1 (mono),1 (mono)
ACTCV_405,pop,pop.00005.wav,pop.00005.wav,30.0002,2.561,22050,22050,16,16,1 (mono),1 (mono)
ACTCV_406,pop,pop.00006.wav,pop.00006.wav,30.0002,2.22,22050,22050,16,16,1 (mono),1 (mono)
ACTCV_407,pop,pop.00007.wav,pop.00007.wav,30.0002,2.08,22050,22050,16,16,1 (mono),1 (mono)
ACTCV_408,pop,pop.00008.wav,pop.00008.wav,30.0002,2.672,22050,22050,16,16,1 (mono),1 (mono)
ACTCV_409,pop,pop.00009.wav,pop.00009.wav,30.0002,2.486,22050,22050,16,16,1 (mono),1 (mono)
ACTCV_410,pop,pop.00010.wav,pop.00010.wav,30.0002,2.424,22050,22050,16,16,1 (mono),1 (mono)
ACTCV_411,pop,pop.00011.wav,pop.00011.wav,30.0002,2.275,22050,22050,16,16,1 (mono),1 (mono)
ACTCV_412,pop,pop.00012.wav,pop.00012.wav,30.0002,2.809,22050,22050,16,16,1 (mono),1 (mono)
ACTCV_413,pop,pop.00013.wav,pop.00013.wav,30.0002,2.419,22050,22050,16,16,1 (mono),1 (mono)
ACTCV_414,pop,pop.00014.wav,pop.00014.wav,30.0002,2.238,22050,22050,16,16,1 (mono),1 (mono)
ACTCV_415,pop,pop.00015.wav,pop.00015.wav,30.0002,2.473,22050,22050,16,16,1 (mono),1 (mono)
ACTCV_416,pop,pop.00016.wav,pop.00016.wav,30.0002,2.705,22050,22050,16,16,1 (mono),1 (mono)
ACTCV_417,pop,pop.00017.wav,pop.00017.wav,30.0002,2.807,22050,22050,16,16,1 (mono),1 (mono)
ACTCV_418,pop,pop.00018.wav,pop.00018.wav,30.0002,2.401,22050,22050,16,16,1 (mono),1 (mono)
ACTCV_419,pop,pop.00019.wav,pop.00019.wav,30.0002,2.34,22050,22050,16,16,1 (mono),1 (mono)
ACTCV_420,pop,pop.00020.wav,pop.00020.wav,30.0002,2.134,22050,22050,16,16,1 (mono),1 (mono)
ACTCV_421,pop,pop.00021.wav,pop.00021.wav,30.0002,2.229,22050,22050,16,16,1 (mono),1 (mono)
ACTCV_422,pop,pop.00022.wav,pop.00022.wav,30.0002,2.904,22050,22050,16,16,1 (mono),1 (mono)
ACTCV_423,pop,pop.00023.wav,pop.00023.wav,30.0002,2.211,22050,22050,16,16,1 (mono),1 (mono)
ACTCV_424,pop,pop.00024.wav,pop.00024.wav,30.0002,2.069,22050,22050,16,16,1 (mono),1 (mono)
ACTCV_425,pop,pop.00025.wav,pop.00025.wav,30.0002,2.835,22050,22050,16,16,1 (mono),1 (mono)
ACTCV_426,pop,pop.00026.wav,pop.00026.wav,30.0002,2.595,22050,22050,16,16,1 (mono),1 (mono)
ACTCV_427,pop,pop.00027.wav,pop.00027.wav,30.0002,2.219,22050,22050,16,16,1 (mono),1 (mono)
ACTCV_428,pop,pop.00028.wav,pop.00028.wav,30.0002,2.37,22050,22050,16,16,1 (mono),1 (mono)
ACTCV_429,pop,pop.00029.wav,pop.00029.wav,30.0002,2.878,22050,22050,16,16,1 (mono),1 (mono)
ACTCV_430,pop,pop.00030.wav,pop.00030.wav,30.0002,2.121,22050,22050,16,16,1 (mono),1 (mono)
ACTCV_431,pop,pop.00031.wav,pop.00031.wav,30.0002,2.969,22050,22050,16,16,1 (mono),1 (mono)
ACTCV_432,pop,pop.00032.wav,pop.00032.wav,30.0002,2.609,22050,22050,16,16,1 (mono),1 (mono)
ACTCV_433,pop,pop.00033.wav,pop.00033.wav,30.0002,2.892,22050,22050,16,16,1 (mono),1 (mono)
ACTCV_434,pop,pop.00034.wav,pop.00034.wav,30.0002,2.228,22050,22050,16,16,1 (mono),1 (mono)
ACTCV_435,pop,pop.00035.wav,pop.00035.wav,30.0002,2.422,22050,22050,16,16,1 (mono),1 (mono)
ACTCV_436,pop,pop.00036.wav,pop.00036.wav,30.0002,2.235,22050,22050,16,16,1 (mono),1 (mono)
ACTCV_437,pop,pop.00037.wav,pop.00037.wav,30.0002,2.027,22050,22050,16,16,1 (mono),1 (mono)
ACTCV_438,pop,pop.00038.wav,pop.00038.wav,30.0002,2.08,22050,22050,16,16,1 (mono),1 (mono)
ACTCV_439,pop,pop.00039.wav,pop.00039.wav,30.0002,2.539,22050,22050,16,16,1 (mono),1 (mono)
ACTCV_440,pop,pop.00040.wav,pop.00040.wav,30.0002,2.862,22050,22050,16,16,1 (mono),1 (mono)
ACTCV_441,pop,pop.00041.wav,pop.00041.wav,30.0002,2.99,22050,22050,16,16,1 (mono),1 (mono)
ACTCV_442,pop,pop.00042.wav,pop.00042.wav,30.0002,2.265,22050,22050,16,16,1 (mono),1 (mono)
ACTCV_443,pop,pop.00043.wav,pop.00043.wav,30.0002,2.265,22050,22050,16,16,1 (mono),1 (mono)
ACTCV_444,pop,pop.00044.wav,pop.00044.wav,30.0002,2.998,22050,22050,16,16,1 (mono),1 (mono)
ACTCV_445,pop,pop.00045.wav,pop.00045.wav,30.0002,2.682,22050,22050,16,16,1 (mono),1 (mono)
ACTCV_446,pop,pop.00046.wav,pop.00046.wav,30.0002,2.879,22050,22050,16,16,1 (mono),1 (mono)
ACTCV_447,pop,pop.00047.wav,pop.00047.wav,30.0002,2.536,22050,22050,16,16,1 (mono),1 (mono)
ACTCV_448,pop,pop.00048.wav,pop.00048.wav,30.0002,2.557,22050,22050,16,16,1 (mono),1 (mono)
ACTCV_449,pop,pop.00049.wav,pop.00049.wav,30.0002,2.19,22050,22050,16,16,1 (mono),1 (mono)
ACTCV_450,pop,pop.00050.wav,pop.00050.wav,30.0002,2.663,22050,22050,16,16,1 (mono),1 (mono)
ACTCV_451,rock,rock.00001.wav,rock.00001.wav,30.0133,2.211,22050,22050,16,16,1 (mono),1 (mono)
ACTCV_452,rock,rock.00002.wav,rock.00002.wav,30.0133,2.957,22050,22050,16,16,1 (mono),1 (mono)
ACTCV_453,rock,rock.00003.wav,rock.00003.wav,30.0133,2.971,22050,22050,16,16,1 (mono),1 (mono)
ACTCV_454,rock,rock.00004.wav,rock.00004.wav,30.0133,2.736,22050,22050,16,16,1 (mono),1 (mono)
ACTCV_455,rock,rock.00005.wav,rock.00005.wav,30.0133,2.915,22050,22050,16,16,1 (mono),1 (mono)
ACTCV_456,rock,rock.00006.wav,rock.00006.wav,30.0133,2.379,22050,22050,16,16,1 (mono),1 (mono)
ACTCV_457,rock,rock.00007.wav,rock.00007.wav,30.0133,2.892,22050,22050,16,16,1 (mono),1 (mono)
ACTCV_458,rock,rock.00008.wav,rock.00008.wav,30.0133,2.792,22050,22050,16,16,1 (mono),1 (mono)
ACTCV_459,rock,rock.00009.wav,rock.00009.wav,30.0133,2.228,22050,22050,16,16,1 (mono),1 (mono)
ACTCV_460,rock,rock.00010.wav,rock.00010.wav,30.0133,2.806,22050,22050,16,16,1 (mono),1 (mono)
ACTCV_461,rock,rock.00011.wav,rock.00011.wav,30.0133,2.648,22050,22050,16,16,1 (mono),1 (mono)
ACTCV_462,rock,rock.00012.wav,rock.00012.wav,30.0133,2.996,22050,22050,16,16,1 (mono),1 (mono)
ACTCV_463,rock,rock.00013.wav,rock.00013.wav,30.0133,2.843,22050,22050,16,16,1 (mono),1 (mono)
ACTCV_464,rock,rock.00014.wav,rock.00014.wav,30.0133,2.22,22050,22050,16,16,1 (mono),1 (mono)
ACTCV_465,rock,rock.00015.wav,rock.00015.wav,30.0133,2.027,22050,22050,16,16,1 (mono),1 (mono)
ACTCV_466,rock,rock.00016.wav,rock.00016.wav,30.0133,2.37,22050,22050,16,16,1 (mono),1 (mono)
ACTCV_467,rock,rock.00017.wav,rock.00017.wav,30.0133,2.091,22050,22050,16,16,1 (mono),1 (mono)
ACTCV_468,rock,rock.00018.wav,rock.00018.wav,30.0133,2.636,22050,22050,16,16,1 (mono),1 (mono)
ACTCV_469,rock,rock.00019.wav,rock.00019.wav,30.0133,2.65,22050,22050,16,16,1 (mono),1 (mono)
ACTCV_470,rock,rock.00020.wav,rock.00020.wav,30.0133,2.265,22050,22050,16,16,1 (mono),1 (mono)
ACTCV_471,rock,rock.00021.wav,rock.00021.wav,30.0133,2.99,22050,22050,16,16,1 (mono),1 (mono)
ACTCV_472,rock,rock.00022.wav,rock.00022.wav,30.0133,2.064,22050,22050,16,16,1 (mono),1 (mono)
ACTCV_473,rock,rock.00023.wav,rock.00023.wav,30.0133,2.809,22050,22050,16,16,1 (mono),1 (mono)
ACTCV_474,rock,rock.00024.wav,rock.00024.wav,30.0133,2.315,22050,22050,16,16,1 (mono),1 (mono)
ACTCV_475,rock,rock.00025.wav,rock.00025.wav,30.0133,2.876,22050,22050,16,16,1 (mono),1 (mono)
ACTCV_476,rock,rock.00026.wav,rock.00026.wav,30.0133,2.639,22050,22050,16,16,1 (mono),1 (mono)
ACTCV_477,rock,rock.00027.wav,rock.00027.wav,30,2.557,22050,22050,16,16,1 (mono),1 (mono)
ACTCV_478,rock,rock.00028.wav,rock.00028.wav,30.0133,2.561,22050,22050,16,16,1 (mono),1 (mono)
ACTCV_479,rock,rock.00029.wav,rock.00029.wav,30.0133,2.829,22050,22050,16,16,1 (mono),1 (mono)
ACTCV_480,rock,rock.00030.wav,rock.00030.wav,30.0133,2.163,22050,22050,16,16,1 (mono),1 (mono)
ACTCV_481,rock,rock.00031.wav,rock.00031.wav,30.0133,2.11,22050,22050,16,16,1 (mono),1 (mono)
ACTCV_482,rock,rock.00032.wav,rock.00032.wav,30.4009,2.862,22050,22050,16,16,1 (mono),1 (mono)
ACTCV_483,rock,rock.00033.wav,rock.00033.wav,30.0133,2.536,22050,22050,16,16,1 (mono),1 (mono)
ACTCV_484,rock,rock.00034.wav,rock.00034.wav,30.361,2.807,22050,22050,16,16,1 (mono),1 (mono)
ACTCV_485,rock,rock.00035.wav,rock.00035.wav,30.0133,2.011,22050,22050,16,16,1 (mono),1 (mono)
ACTCV_486,rock,rock.00036.wav,rock.00036.wav,30.2912,2.585,22050,22050,16,16,1 (mono),1 (mono)
ACTCV_487,rock,rock.00037.wav,rock.00037.wav,30.0133,2.219,22050,22050,16,16,1 (mono),1 (mono)
ACTCV_488,rock,rock.00038.wav,rock.00038.wav,29.9958,2.275,22050,22050,16,16,1 (mono),1 (mono)
ACTCV_489,rock,rock.00039.wav,rock.00039.wav,30.0133,2.08,22050,22050,16,16,1 (mono),1 (mono)
ACTCV_490,rock,rock.00040.wav,rock.00040.wav,30.0133,2.998,22050,22050,16,16,1 (mono),1 (mono)
ACTCV_491,rock,rock.00041.wav,rock.00041.wav,30.0133,2.267,22050,22050,16,16,1 (mono),1 (mono)
ACTCV_492,rock,rock.00042.wav,rock.00042.wav,30.0133,2.422,22050,22050,16,16,1 (mono),1 (mono)
ACTCV_493,rock,rock.00043.wav,rock.00043.wav,30.0133,2.34,22050,22050,16,16,1 (mono),1 (mono)
ACTCV_494,rock,rock.00044.wav,rock.00044.wav,30.0133,2.655,22050,22050,16,16,1 (mono),1 (mono)
ACTCV_495,rock,rock.00045.wav,rock.00045.wav,30.0133,2.101,22050,22050,16,16,1 (mono),1 (mono)
ACTCV_496,rock,rock.00046.wav,rock.00046.wav,30.0133,2.847,22050,22050,16,16,1 (mono),1 (mono)
ACTCV_497,rock,rock.00047.wav,rock.00047.wav,30.0133,2.093,22050,22050,16,16,1 (mono),1 (mono)
ACTCV_498,rock,rock.00048.wav,rock.00048.wav,30.0133,2.399,22050,22050,16,16,1 (mono),1 (mono)
ACTCV_499,rock,rock.00049.wav,rock.00049.wav,30.0133,2.229,22050,22050,16,16,1 (mono),1 (mono)
ACTCV_500,rock,rock.00050.wav,rock.00050.wav,30.0133,2.171,22050,22050,16,16,1 (mono),1 (mono)
